company,rating,tenure,no_of_employees,growth_rate,age
Awin,4.551020408163265,2.9,1141,7,22
Close,4.466666666666667,2.5,66,25,9
Cosmic,5.0,2.8,34,31,13
Desigual,3.473684210526316,5.7,2844,0,38
Formedix,4.0,1.4,46,35,22
Gungho Marketing,4.071428571428571,1.5,137,41,15
Hitachi,3.3,5.8,23913,11,112
ICE Group,3.4444444444444446,10.3,109,4,50
Reboot,4.666666666666667,1.3,63,37,21
THRYVE,4.6,2.5,61,27,8
Toshiba,2.62,9.3,9917,3,147
thredUP,3.163265306122449,2.2,894,15,13
